--
-- PostgreSQL database dump
--

-- Dumped from database version 17rc1
-- Dumped by pg_dump version 17rc1

-- Started on 2024-10-17 15:36:05

SET statement_timeout = 0;
SET lock_timeout = 0;
SET idle_in_transaction_session_timeout = 0;
SET transaction_timeout = 0;
SET client_encoding = 'UTF8';
SET standard_conforming_strings = on;
SELECT pg_catalog.set_config('search_path', '', false);
SET check_function_bodies = false;
SET xmloption = content;
SET client_min_messages = warning;
SET row_security = off;

--
-- TOC entry 857 (class 1247 OID 16434)
-- Name: reservation_status; Type: TYPE; Schema: public; Owner: postgres
--

CREATE TYPE public.reservation_status AS ENUM (
    'PENDING',
    'COMPLETED',
    'CANCELLED'
);


ALTER TYPE public.reservation_status OWNER TO postgres;

--
-- TOC entry 225 (class 1255 OID 16474)
-- Name: generate_and_insert_working_hours(integer, time without time zone, time without time zone); Type: FUNCTION; Schema: public; Owner: postgres
--

CREATE FUNCTION public.generate_and_insert_working_hours(p_employee_id integer, p_start_time time without time zone, p_end_time time without time zone) RETURNS void
    LANGUAGE plpgsql
    AS $$
BEGIN
    -- Delete any existing rows for this employee to avoid duplication
    DELETE FROM available_hours WHERE employee_id = p_employee_id;

    -- Generate the time slots and insert them into the available_hours table
    INSERT INTO available_hours (employee_id, start_time, end_time)
    SELECT 
        p_employee_id,
        (series::time) AS start_time,
        (series + interval '15 minutes')::time AS end_time
    FROM 
        generate_series(
            '2000-01-01'::timestamp + p_start_time::interval,  -- start as timestamp
            '2000-01-01'::timestamp + p_end_time::interval - interval '15 minutes',  -- end as timestamp
            interval '15 minutes'  -- step size
        ) AS series;
END;
$$;


ALTER FUNCTION public.generate_and_insert_working_hours(p_employee_id integer, p_start_time time without time zone, p_end_time time without time zone) OWNER TO postgres;

SET default_tablespace = '';

SET default_table_access_method = heap;

--
-- TOC entry 223 (class 1259 OID 16467)
-- Name: available_hours; Type: TABLE; Schema: public; Owner: postgres
--

CREATE TABLE public.available_hours (
    id integer NOT NULL,
    employee_id integer,
    start_time time without time zone,
    end_time time without time zone
);


ALTER TABLE public.available_hours OWNER TO postgres;

--
-- TOC entry 222 (class 1259 OID 16466)
-- Name: available_hours_id_seq; Type: SEQUENCE; Schema: public; Owner: postgres
--

CREATE SEQUENCE public.available_hours_id_seq
    AS integer
    START WITH 1
    INCREMENT BY 1
    NO MINVALUE
    NO MAXVALUE
    CACHE 1;


ALTER SEQUENCE public.available_hours_id_seq OWNER TO postgres;

--
-- TOC entry 4885 (class 0 OID 0)
-- Dependencies: 222
-- Name: available_hours_id_seq; Type: SEQUENCE OWNED BY; Schema: public; Owner: postgres
--

ALTER SEQUENCE public.available_hours_id_seq OWNED BY public.available_hours.id;


--
-- TOC entry 217 (class 1259 OID 16388)
-- Name: employees; Type: TABLE; Schema: public; Owner: postgres
--

CREATE TABLE public.employees (
    employee_id integer NOT NULL,
    first_name character varying(255) NOT NULL,
    last_name character varying(255) NOT NULL
);


ALTER TABLE public.employees OWNER TO postgres;

--
-- TOC entry 224 (class 1259 OID 16552)
-- Name: employees_employee_id_seq; Type: SEQUENCE; Schema: public; Owner: postgres
--

ALTER TABLE public.employees ALTER COLUMN employee_id ADD GENERATED BY DEFAULT AS IDENTITY (
    SEQUENCE NAME public.employees_employee_id_seq
    START WITH 1
    INCREMENT BY 1
    NO MINVALUE
    NO MAXVALUE
    CACHE 1
);


--
-- TOC entry 219 (class 1259 OID 16442)
-- Name: reservations; Type: TABLE; Schema: public; Owner: postgres
--

CREATE TABLE public.reservations (
    id integer NOT NULL,
    user_id character varying(255) NOT NULL,
    reservation_date date,
    end_time time without time zone NOT NULL,
    status character varying(255) DEFAULT 'PENDING'::public.reservation_status NOT NULL,
    service_id integer,
    employee_id integer NOT NULL,
    start_time time without time zone
);


ALTER TABLE public.reservations OWNER TO postgres;

--
-- TOC entry 218 (class 1259 OID 16441)
-- Name: reservations_id_seq; Type: SEQUENCE; Schema: public; Owner: postgres
--

CREATE SEQUENCE public.reservations_id_seq
    AS integer
    START WITH 1
    INCREMENT BY 1
    NO MINVALUE
    NO MAXVALUE
    CACHE 1;


ALTER SEQUENCE public.reservations_id_seq OWNER TO postgres;

--
-- TOC entry 4886 (class 0 OID 0)
-- Dependencies: 218
-- Name: reservations_id_seq; Type: SEQUENCE OWNED BY; Schema: public; Owner: postgres
--

ALTER SEQUENCE public.reservations_id_seq OWNED BY public.reservations.id;


--
-- TOC entry 220 (class 1259 OID 16453)
-- Name: services; Type: TABLE; Schema: public; Owner: postgres
--

CREATE TABLE public.services (
    id integer NOT NULL,
    name character varying(255) NOT NULL,
    duration time without time zone,
    price numeric(38,2) NOT NULL
);


ALTER TABLE public.services OWNER TO postgres;

--
-- TOC entry 221 (class 1259 OID 16461)
-- Name: services_id_seq; Type: SEQUENCE; Schema: public; Owner: postgres
--

ALTER TABLE public.services ALTER COLUMN id ADD GENERATED ALWAYS AS IDENTITY (
    SEQUENCE NAME public.services_id_seq
    START WITH 1
    INCREMENT BY 1
    NO MINVALUE
    NO MAXVALUE
    CACHE 1
);


--
-- TOC entry 4716 (class 2604 OID 16470)
-- Name: available_hours id; Type: DEFAULT; Schema: public; Owner: postgres
--

ALTER TABLE ONLY public.available_hours ALTER COLUMN id SET DEFAULT nextval('public.available_hours_id_seq'::regclass);


--
-- TOC entry 4714 (class 2604 OID 16445)
-- Name: reservations id; Type: DEFAULT; Schema: public; Owner: postgres
--

ALTER TABLE ONLY public.reservations ALTER COLUMN id SET DEFAULT nextval('public.reservations_id_seq'::regclass);


--
-- TOC entry 4878 (class 0 OID 16467)
-- Dependencies: 223
-- Data for Name: available_hours; Type: TABLE DATA; Schema: public; Owner: postgres
--

INSERT INTO public.available_hours VALUES (1, 1, '09:00:00', '09:15:00');
INSERT INTO public.available_hours VALUES (2, 1, '09:15:00', '09:30:00');
INSERT INTO public.available_hours VALUES (3, 1, '09:30:00', '09:45:00');
INSERT INTO public.available_hours VALUES (4, 1, '09:45:00', '10:00:00');
INSERT INTO public.available_hours VALUES (5, 1, '10:00:00', '10:15:00');
INSERT INTO public.available_hours VALUES (6, 1, '10:15:00', '10:30:00');
INSERT INTO public.available_hours VALUES (7, 1, '10:30:00', '10:45:00');
INSERT INTO public.available_hours VALUES (8, 1, '10:45:00', '11:00:00');
INSERT INTO public.available_hours VALUES (9, 1, '11:00:00', '11:15:00');
INSERT INTO public.available_hours VALUES (10, 1, '11:15:00', '11:30:00');
INSERT INTO public.available_hours VALUES (11, 1, '11:30:00', '11:45:00');
INSERT INTO public.available_hours VALUES (12, 1, '11:45:00', '12:00:00');
INSERT INTO public.available_hours VALUES (13, 1, '12:00:00', '12:15:00');
INSERT INTO public.available_hours VALUES (14, 1, '12:15:00', '12:30:00');
INSERT INTO public.available_hours VALUES (15, 1, '12:30:00', '12:45:00');
INSERT INTO public.available_hours VALUES (16, 1, '12:45:00', '13:00:00');
INSERT INTO public.available_hours VALUES (17, 1, '13:00:00', '13:15:00');
INSERT INTO public.available_hours VALUES (18, 1, '13:15:00', '13:30:00');
INSERT INTO public.available_hours VALUES (19, 1, '13:30:00', '13:45:00');
INSERT INTO public.available_hours VALUES (20, 1, '13:45:00', '14:00:00');
INSERT INTO public.available_hours VALUES (21, 1, '14:00:00', '14:15:00');
INSERT INTO public.available_hours VALUES (22, 1, '14:15:00', '14:30:00');
INSERT INTO public.available_hours VALUES (23, 1, '14:30:00', '14:45:00');
INSERT INTO public.available_hours VALUES (24, 1, '14:45:00', '15:00:00');
INSERT INTO public.available_hours VALUES (25, 1, '15:00:00', '15:15:00');
INSERT INTO public.available_hours VALUES (26, 1, '15:15:00', '15:30:00');
INSERT INTO public.available_hours VALUES (27, 1, '15:30:00', '15:45:00');
INSERT INTO public.available_hours VALUES (28, 1, '15:45:00', '16:00:00');
INSERT INTO public.available_hours VALUES (29, 1, '16:00:00', '16:15:00');
INSERT INTO public.available_hours VALUES (30, 1, '16:15:00', '16:30:00');
INSERT INTO public.available_hours VALUES (31, 1, '16:30:00', '16:45:00');
INSERT INTO public.available_hours VALUES (32, 1, '16:45:00', '17:00:00');
INSERT INTO public.available_hours VALUES (33, 2, '09:00:00', '09:15:00');
INSERT INTO public.available_hours VALUES (34, 2, '09:15:00', '09:30:00');
INSERT INTO public.available_hours VALUES (35, 2, '09:30:00', '09:45:00');
INSERT INTO public.available_hours VALUES (36, 2, '09:45:00', '10:00:00');
INSERT INTO public.available_hours VALUES (37, 2, '10:00:00', '10:15:00');
INSERT INTO public.available_hours VALUES (38, 2, '10:15:00', '10:30:00');
INSERT INTO public.available_hours VALUES (39, 2, '10:30:00', '10:45:00');
INSERT INTO public.available_hours VALUES (40, 2, '10:45:00', '11:00:00');
INSERT INTO public.available_hours VALUES (41, 2, '11:00:00', '11:15:00');
INSERT INTO public.available_hours VALUES (42, 2, '11:15:00', '11:30:00');
INSERT INTO public.available_hours VALUES (43, 2, '11:30:00', '11:45:00');
INSERT INTO public.available_hours VALUES (44, 2, '11:45:00', '12:00:00');
INSERT INTO public.available_hours VALUES (45, 2, '12:00:00', '12:15:00');
INSERT INTO public.available_hours VALUES (46, 2, '12:15:00', '12:30:00');
INSERT INTO public.available_hours VALUES (47, 2, '12:30:00', '12:45:00');
INSERT INTO public.available_hours VALUES (48, 2, '12:45:00', '13:00:00');
INSERT INTO public.available_hours VALUES (49, 2, '13:00:00', '13:15:00');
INSERT INTO public.available_hours VALUES (50, 2, '13:15:00', '13:30:00');
INSERT INTO public.available_hours VALUES (51, 2, '13:30:00', '13:45:00');
INSERT INTO public.available_hours VALUES (52, 2, '13:45:00', '14:00:00');
INSERT INTO public.available_hours VALUES (53, 2, '14:00:00', '14:15:00');
INSERT INTO public.available_hours VALUES (54, 2, '14:15:00', '14:30:00');
INSERT INTO public.available_hours VALUES (55, 2, '14:30:00', '14:45:00');
INSERT INTO public.available_hours VALUES (56, 2, '14:45:00', '15:00:00');
INSERT INTO public.available_hours VALUES (57, 2, '15:00:00', '15:15:00');
INSERT INTO public.available_hours VALUES (58, 2, '15:15:00', '15:30:00');
INSERT INTO public.available_hours VALUES (59, 2, '15:30:00', '15:45:00');
INSERT INTO public.available_hours VALUES (60, 2, '15:45:00', '16:00:00');
INSERT INTO public.available_hours VALUES (61, 2, '16:00:00', '16:15:00');
INSERT INTO public.available_hours VALUES (62, 2, '16:15:00', '16:30:00');
INSERT INTO public.available_hours VALUES (63, 2, '16:30:00', '16:45:00');
INSERT INTO public.available_hours VALUES (64, 2, '16:45:00', '17:00:00');
INSERT INTO public.available_hours VALUES (65, 3, '09:00:00', '09:15:00');
INSERT INTO public.available_hours VALUES (66, 3, '09:15:00', '09:30:00');
INSERT INTO public.available_hours VALUES (67, 3, '09:30:00', '09:45:00');
INSERT INTO public.available_hours VALUES (68, 3, '09:45:00', '10:00:00');
INSERT INTO public.available_hours VALUES (69, 3, '10:00:00', '10:15:00');
INSERT INTO public.available_hours VALUES (70, 3, '10:15:00', '10:30:00');
INSERT INTO public.available_hours VALUES (71, 3, '10:30:00', '10:45:00');
INSERT INTO public.available_hours VALUES (72, 3, '10:45:00', '11:00:00');
INSERT INTO public.available_hours VALUES (73, 3, '11:00:00', '11:15:00');
INSERT INTO public.available_hours VALUES (74, 3, '11:15:00', '11:30:00');
INSERT INTO public.available_hours VALUES (75, 3, '11:30:00', '11:45:00');
INSERT INTO public.available_hours VALUES (76, 3, '11:45:00', '12:00:00');
INSERT INTO public.available_hours VALUES (77, 3, '12:00:00', '12:15:00');
INSERT INTO public.available_hours VALUES (78, 3, '12:15:00', '12:30:00');
INSERT INTO public.available_hours VALUES (79, 3, '12:30:00', '12:45:00');
INSERT INTO public.available_hours VALUES (80, 3, '12:45:00', '13:00:00');
INSERT INTO public.available_hours VALUES (81, 3, '13:00:00', '13:15:00');
INSERT INTO public.available_hours VALUES (82, 3, '13:15:00', '13:30:00');
INSERT INTO public.available_hours VALUES (83, 3, '13:30:00', '13:45:00');
INSERT INTO public.available_hours VALUES (84, 3, '13:45:00', '14:00:00');
INSERT INTO public.available_hours VALUES (85, 3, '14:00:00', '14:15:00');
INSERT INTO public.available_hours VALUES (86, 3, '14:15:00', '14:30:00');
INSERT INTO public.available_hours VALUES (87, 3, '14:30:00', '14:45:00');
INSERT INTO public.available_hours VALUES (88, 3, '14:45:00', '15:00:00');
INSERT INTO public.available_hours VALUES (89, 3, '15:00:00', '15:15:00');
INSERT INTO public.available_hours VALUES (90, 3, '15:15:00', '15:30:00');
INSERT INTO public.available_hours VALUES (91, 3, '15:30:00', '15:45:00');
INSERT INTO public.available_hours VALUES (92, 3, '15:45:00', '16:00:00');
INSERT INTO public.available_hours VALUES (93, 3, '16:00:00', '16:15:00');
INSERT INTO public.available_hours VALUES (94, 3, '16:15:00', '16:30:00');
INSERT INTO public.available_hours VALUES (95, 3, '16:30:00', '16:45:00');
INSERT INTO public.available_hours VALUES (96, 3, '16:45:00', '17:00:00');
INSERT INTO public.available_hours VALUES (97, 4, '09:00:00', '09:15:00');
INSERT INTO public.available_hours VALUES (98, 4, '09:15:00', '09:30:00');
INSERT INTO public.available_hours VALUES (99, 4, '09:30:00', '09:45:00');
INSERT INTO public.available_hours VALUES (100, 4, '09:45:00', '10:00:00');
INSERT INTO public.available_hours VALUES (101, 4, '10:00:00', '10:15:00');
INSERT INTO public.available_hours VALUES (102, 4, '10:15:00', '10:30:00');
INSERT INTO public.available_hours VALUES (103, 4, '10:30:00', '10:45:00');
INSERT INTO public.available_hours VALUES (104, 4, '10:45:00', '11:00:00');
INSERT INTO public.available_hours VALUES (105, 4, '11:00:00', '11:15:00');
INSERT INTO public.available_hours VALUES (106, 4, '11:15:00', '11:30:00');
INSERT INTO public.available_hours VALUES (107, 4, '11:30:00', '11:45:00');
INSERT INTO public.available_hours VALUES (108, 4, '11:45:00', '12:00:00');
INSERT INTO public.available_hours VALUES (109, 4, '12:00:00', '12:15:00');
INSERT INTO public.available_hours VALUES (110, 4, '12:15:00', '12:30:00');
INSERT INTO public.available_hours VALUES (111, 4, '12:30:00', '12:45:00');
INSERT INTO public.available_hours VALUES (112, 4, '12:45:00', '13:00:00');
INSERT INTO public.available_hours VALUES (113, 4, '13:00:00', '13:15:00');
INSERT INTO public.available_hours VALUES (114, 4, '13:15:00', '13:30:00');
INSERT INTO public.available_hours VALUES (115, 4, '13:30:00', '13:45:00');
INSERT INTO public.available_hours VALUES (116, 4, '13:45:00', '14:00:00');
INSERT INTO public.available_hours VALUES (117, 4, '14:00:00', '14:15:00');
INSERT INTO public.available_hours VALUES (118, 4, '14:15:00', '14:30:00');
INSERT INTO public.available_hours VALUES (119, 4, '14:30:00', '14:45:00');
INSERT INTO public.available_hours VALUES (120, 4, '14:45:00', '15:00:00');
INSERT INTO public.available_hours VALUES (121, 4, '15:00:00', '15:15:00');
INSERT INTO public.available_hours VALUES (122, 4, '15:15:00', '15:30:00');
INSERT INTO public.available_hours VALUES (123, 4, '15:30:00', '15:45:00');
INSERT INTO public.available_hours VALUES (124, 4, '15:45:00', '16:00:00');
INSERT INTO public.available_hours VALUES (125, 4, '16:00:00', '16:15:00');
INSERT INTO public.available_hours VALUES (126, 4, '16:15:00', '16:30:00');
INSERT INTO public.available_hours VALUES (127, 4, '16:30:00', '16:45:00');
INSERT INTO public.available_hours VALUES (128, 4, '16:45:00', '17:00:00');
INSERT INTO public.available_hours VALUES (129, 5, '09:00:00', '09:15:00');
INSERT INTO public.available_hours VALUES (130, 5, '09:15:00', '09:30:00');
INSERT INTO public.available_hours VALUES (131, 5, '09:30:00', '09:45:00');
INSERT INTO public.available_hours VALUES (132, 5, '09:45:00', '10:00:00');
INSERT INTO public.available_hours VALUES (133, 5, '10:00:00', '10:15:00');
INSERT INTO public.available_hours VALUES (134, 5, '10:15:00', '10:30:00');
INSERT INTO public.available_hours VALUES (135, 5, '10:30:00', '10:45:00');
INSERT INTO public.available_hours VALUES (136, 5, '10:45:00', '11:00:00');
INSERT INTO public.available_hours VALUES (137, 5, '11:00:00', '11:15:00');
INSERT INTO public.available_hours VALUES (138, 5, '11:15:00', '11:30:00');
INSERT INTO public.available_hours VALUES (139, 5, '11:30:00', '11:45:00');
INSERT INTO public.available_hours VALUES (140, 5, '11:45:00', '12:00:00');
INSERT INTO public.available_hours VALUES (141, 5, '12:00:00', '12:15:00');
INSERT INTO public.available_hours VALUES (142, 5, '12:15:00', '12:30:00');
INSERT INTO public.available_hours VALUES (143, 5, '12:30:00', '12:45:00');
INSERT INTO public.available_hours VALUES (144, 5, '12:45:00', '13:00:00');
INSERT INTO public.available_hours VALUES (145, 5, '13:00:00', '13:15:00');
INSERT INTO public.available_hours VALUES (146, 5, '13:15:00', '13:30:00');
INSERT INTO public.available_hours VALUES (147, 5, '13:30:00', '13:45:00');
INSERT INTO public.available_hours VALUES (148, 5, '13:45:00', '14:00:00');
INSERT INTO public.available_hours VALUES (149, 5, '14:00:00', '14:15:00');
INSERT INTO public.available_hours VALUES (150, 5, '14:15:00', '14:30:00');
INSERT INTO public.available_hours VALUES (151, 5, '14:30:00', '14:45:00');
INSERT INTO public.available_hours VALUES (152, 5, '14:45:00', '15:00:00');
INSERT INTO public.available_hours VALUES (153, 5, '15:00:00', '15:15:00');
INSERT INTO public.available_hours VALUES (154, 5, '15:15:00', '15:30:00');
INSERT INTO public.available_hours VALUES (155, 5, '15:30:00', '15:45:00');
INSERT INTO public.available_hours VALUES (156, 5, '15:45:00', '16:00:00');
INSERT INTO public.available_hours VALUES (157, 5, '16:00:00', '16:15:00');
INSERT INTO public.available_hours VALUES (158, 5, '16:15:00', '16:30:00');
INSERT INTO public.available_hours VALUES (159, 5, '16:30:00', '16:45:00');
INSERT INTO public.available_hours VALUES (160, 5, '16:45:00', '17:00:00');
INSERT INTO public.available_hours VALUES (161, 6, '09:00:00', '09:15:00');
INSERT INTO public.available_hours VALUES (162, 6, '09:15:00', '09:30:00');
INSERT INTO public.available_hours VALUES (163, 6, '09:30:00', '09:45:00');
INSERT INTO public.available_hours VALUES (164, 6, '09:45:00', '10:00:00');
INSERT INTO public.available_hours VALUES (165, 6, '10:00:00', '10:15:00');
INSERT INTO public.available_hours VALUES (166, 6, '10:15:00', '10:30:00');
INSERT INTO public.available_hours VALUES (167, 6, '10:30:00', '10:45:00');
INSERT INTO public.available_hours VALUES (168, 6, '10:45:00', '11:00:00');
INSERT INTO public.available_hours VALUES (169, 6, '11:00:00', '11:15:00');
INSERT INTO public.available_hours VALUES (170, 6, '11:15:00', '11:30:00');
INSERT INTO public.available_hours VALUES (171, 6, '11:30:00', '11:45:00');
INSERT INTO public.available_hours VALUES (172, 6, '11:45:00', '12:00:00');
INSERT INTO public.available_hours VALUES (173, 6, '12:00:00', '12:15:00');
INSERT INTO public.available_hours VALUES (174, 6, '12:15:00', '12:30:00');
INSERT INTO public.available_hours VALUES (175, 6, '12:30:00', '12:45:00');
INSERT INTO public.available_hours VALUES (176, 6, '12:45:00', '13:00:00');
INSERT INTO public.available_hours VALUES (177, 6, '13:00:00', '13:15:00');
INSERT INTO public.available_hours VALUES (178, 6, '13:15:00', '13:30:00');
INSERT INTO public.available_hours VALUES (179, 6, '13:30:00', '13:45:00');
INSERT INTO public.available_hours VALUES (180, 6, '13:45:00', '14:00:00');
INSERT INTO public.available_hours VALUES (181, 6, '14:00:00', '14:15:00');
INSERT INTO public.available_hours VALUES (182, 6, '14:15:00', '14:30:00');
INSERT INTO public.available_hours VALUES (183, 6, '14:30:00', '14:45:00');
INSERT INTO public.available_hours VALUES (184, 6, '14:45:00', '15:00:00');
INSERT INTO public.available_hours VALUES (185, 6, '15:00:00', '15:15:00');
INSERT INTO public.available_hours VALUES (186, 6, '15:15:00', '15:30:00');
INSERT INTO public.available_hours VALUES (187, 6, '15:30:00', '15:45:00');
INSERT INTO public.available_hours VALUES (188, 6, '15:45:00', '16:00:00');
INSERT INTO public.available_hours VALUES (189, 6, '16:00:00', '16:15:00');
INSERT INTO public.available_hours VALUES (190, 6, '16:15:00', '16:30:00');
INSERT INTO public.available_hours VALUES (191, 6, '16:30:00', '16:45:00');
INSERT INTO public.available_hours VALUES (192, 6, '16:45:00', '17:00:00');
INSERT INTO public.available_hours VALUES (193, 7, '09:00:00', '09:15:00');
INSERT INTO public.available_hours VALUES (194, 7, '09:15:00', '09:30:00');
INSERT INTO public.available_hours VALUES (195, 7, '09:30:00', '09:45:00');
INSERT INTO public.available_hours VALUES (196, 7, '09:45:00', '10:00:00');
INSERT INTO public.available_hours VALUES (197, 7, '10:00:00', '10:15:00');
INSERT INTO public.available_hours VALUES (198, 7, '10:15:00', '10:30:00');
INSERT INTO public.available_hours VALUES (199, 7, '10:30:00', '10:45:00');
INSERT INTO public.available_hours VALUES (200, 7, '10:45:00', '11:00:00');
INSERT INTO public.available_hours VALUES (201, 7, '11:00:00', '11:15:00');
INSERT INTO public.available_hours VALUES (202, 7, '11:15:00', '11:30:00');
INSERT INTO public.available_hours VALUES (203, 7, '11:30:00', '11:45:00');
INSERT INTO public.available_hours VALUES (204, 7, '11:45:00', '12:00:00');
INSERT INTO public.available_hours VALUES (205, 7, '12:00:00', '12:15:00');
INSERT INTO public.available_hours VALUES (206, 7, '12:15:00', '12:30:00');
INSERT INTO public.available_hours VALUES (207, 7, '12:30:00', '12:45:00');
INSERT INTO public.available_hours VALUES (208, 7, '12:45:00', '13:00:00');
INSERT INTO public.available_hours VALUES (209, 7, '13:00:00', '13:15:00');
INSERT INTO public.available_hours VALUES (210, 7, '13:15:00', '13:30:00');
INSERT INTO public.available_hours VALUES (211, 7, '13:30:00', '13:45:00');
INSERT INTO public.available_hours VALUES (212, 7, '13:45:00', '14:00:00');
INSERT INTO public.available_hours VALUES (213, 7, '14:00:00', '14:15:00');
INSERT INTO public.available_hours VALUES (214, 7, '14:15:00', '14:30:00');
INSERT INTO public.available_hours VALUES (215, 7, '14:30:00', '14:45:00');
INSERT INTO public.available_hours VALUES (216, 7, '14:45:00', '15:00:00');
INSERT INTO public.available_hours VALUES (217, 7, '15:00:00', '15:15:00');
INSERT INTO public.available_hours VALUES (218, 7, '15:15:00', '15:30:00');
INSERT INTO public.available_hours VALUES (219, 7, '15:30:00', '15:45:00');
INSERT INTO public.available_hours VALUES (220, 7, '15:45:00', '16:00:00');
INSERT INTO public.available_hours VALUES (221, 7, '16:00:00', '16:15:00');
INSERT INTO public.available_hours VALUES (222, 7, '16:15:00', '16:30:00');
INSERT INTO public.available_hours VALUES (223, 7, '16:30:00', '16:45:00');
INSERT INTO public.available_hours VALUES (224, 7, '16:45:00', '17:00:00');


--
-- TOC entry 4872 (class 0 OID 16388)
-- Dependencies: 217
-- Data for Name: employees; Type: TABLE DATA; Schema: public; Owner: postgres
--

INSERT INTO public.employees VALUES (1, 'Jan', 'Kowalski');
INSERT INTO public.employees VALUES (2, 'Robert', 'Nowak');
INSERT INTO public.employees VALUES (3, 'Tomasz', 'Kowalski');
INSERT INTO public.employees VALUES (4, 'Anna', 'Nowak');
INSERT INTO public.employees VALUES (5, 'Piotr', 'Zieliński');
INSERT INTO public.employees VALUES (6, 'Maria', 'Wiśniewska');
INSERT INTO public.employees VALUES (7, 'Tomasz', 'Mazur');


--
-- TOC entry 4874 (class 0 OID 16442)
-- Dependencies: 219
-- Data for Name: reservations; Type: TABLE DATA; Schema: public; Owner: postgres
--

INSERT INTO public.reservations VALUES (27, '5qxYNbFhHGO7xk33x2A8AfjpV4x2', '2024-10-17', '09:45:00', 'CANCELLED', 1, 1, '09:15:00');
INSERT INTO public.reservations VALUES (29, '5qxYNbFhHGO7xk33x2A8AfjpV4x2', '2024-10-16', '10:00:00', 'CANCELLED', 1, 2, '09:30:00');
INSERT INTO public.reservations VALUES (28, '5qxYNbFhHGO7xk33x2A8AfjpV4x2', '2024-10-16', '09:45:00', 'CANCELLED', 1, 2, '09:15:00');
INSERT INTO public.reservations VALUES (21, '5qxYNbFhHGO7xk33x2A8AfjpV4x2', '2024-10-16', '09:15:00', 'CANCELLED', 1, 2, '09:00:00');
INSERT INTO public.reservations VALUES (22, '5qxYNbFhHGO7xk33x2A8AfjpV4x2', '2024-10-16', '09:30:00', 'CANCELLED', 1, 1, '09:15:00');
INSERT INTO public.reservations VALUES (23, '5qxYNbFhHGO7xk33x2A8AfjpV4x2', '2024-10-16', '10:15:00', 'CANCELLED', 1, 1, '10:00:00');
INSERT INTO public.reservations VALUES (31, '5qxYNbFhHGO7xk33x2A8AfjpV4x2', '2024-10-17', '14:45:00', 'PENDING', 1, 1, '14:15:00');
INSERT INTO public.reservations VALUES (32, '5qxYNbFhHGO7xk33x2A8AfjpV4x2', '2024-10-17', '15:00:00', 'PENDING', 1, 1, '14:30:00');
INSERT INTO public.reservations VALUES (33, '5qxYNbFhHGO7xk33x2A8AfjpV4x2', '2024-10-17', '15:00:00', 'PENDING', 1, 1, '14:30:00');
INSERT INTO public.reservations VALUES (34, '5qxYNbFhHGO7xk33x2A8AfjpV4x2', '2024-10-17', '15:00:00', 'PENDING', 1, 1, '14:30:00');
INSERT INTO public.reservations VALUES (35, '5qxYNbFhHGO7xk33x2A8AfjpV4x2', '2024-10-17', '15:00:00', 'PENDING', 1, 1, '14:30:00');
INSERT INTO public.reservations VALUES (36, '5qxYNbFhHGO7xk33x2A8AfjpV4x2', '2024-10-17', '15:00:00', 'PENDING', 1, 2, '14:30:00');
INSERT INTO public.reservations VALUES (20, '0', '2024-10-16', '09:15:00', 'COMPLETED', 1, 1, '09:00:00');
INSERT INTO public.reservations VALUES (30, '0', '2024-10-16', '10:15:00', 'COMPLETED', 1, 2, '09:45:00');
INSERT INTO public.reservations VALUES (24, '5qxYNbFhHGO7xk33x2A8AfjpV4x2', '2024-10-16', '10:45:00', 'COMPLETED', 1, 1, '10:15:00');
INSERT INTO public.reservations VALUES (25, '5qxYNbFhHGO7xk33x2A8AfjpV4x2', '2024-10-16', '09:45:00', 'COMPLETED', 1, 1, '09:15:00');
INSERT INTO public.reservations VALUES (26, '5qxYNbFhHGO7xk33x2A8AfjpV4x2', '2024-10-16', '09:45:00', 'COMPLETED', 1, 1, '09:15:00');
INSERT INTO public.reservations VALUES (37, '5qxYNbFhHGO7xk33x2A8AfjpV4x2', '2024-10-17', '16:45:00', 'PENDING', 5, 5, '15:45:00');
INSERT INTO public.reservations VALUES (38, '5qxYNbFhHGO7xk33x2A8AfjpV4x2', '2024-10-18', '09:45:00', 'PENDING', 1, 7, '09:15:00');


--
-- TOC entry 4875 (class 0 OID 16453)
-- Dependencies: 220
-- Data for Name: services; Type: TABLE DATA; Schema: public; Owner: postgres
--

INSERT INTO public.services OVERRIDING SYSTEM VALUE VALUES (1, 'strzyżenie męskie', '00:30:00', 45.00);
INSERT INTO public.services OVERRIDING SYSTEM VALUE VALUES (2, 'Strzyżenie damskie', '00:45:00', 60.00);
INSERT INTO public.services OVERRIDING SYSTEM VALUE VALUES (3, 'Koloryzacja włosów', '01:30:00', 120.00);
INSERT INTO public.services OVERRIDING SYSTEM VALUE VALUES (4, 'Manicure hybrydowy', '00:40:00', 50.00);
INSERT INTO public.services OVERRIDING SYSTEM VALUE VALUES (5, 'Pedicure klasyczny', '01:00:00', 80.00);
INSERT INTO public.services OVERRIDING SYSTEM VALUE VALUES (6, 'Masaż relaksacyjny', '01:00:00', 100.00);


--
-- TOC entry 4887 (class 0 OID 0)
-- Dependencies: 222
-- Name: available_hours_id_seq; Type: SEQUENCE SET; Schema: public; Owner: postgres
--

SELECT pg_catalog.setval('public.available_hours_id_seq', 224, true);


--
-- TOC entry 4888 (class 0 OID 0)
-- Dependencies: 224
-- Name: employees_employee_id_seq; Type: SEQUENCE SET; Schema: public; Owner: postgres
--

SELECT pg_catalog.setval('public.employees_employee_id_seq', 7, true);


--
-- TOC entry 4889 (class 0 OID 0)
-- Dependencies: 218
-- Name: reservations_id_seq; Type: SEQUENCE SET; Schema: public; Owner: postgres
--

SELECT pg_catalog.setval('public.reservations_id_seq', 38, true);


--
-- TOC entry 4890 (class 0 OID 0)
-- Dependencies: 221
-- Name: services_id_seq; Type: SEQUENCE SET; Schema: public; Owner: postgres
--

SELECT pg_catalog.setval('public.services_id_seq', 6, true);


--
-- TOC entry 4724 (class 2606 OID 16472)
-- Name: available_hours available_hours_pkey; Type: CONSTRAINT; Schema: public; Owner: postgres
--

ALTER TABLE ONLY public.available_hours
    ADD CONSTRAINT available_hours_pkey PRIMARY KEY (id);


--
-- TOC entry 4718 (class 2606 OID 16532)
-- Name: employees employees_pkey; Type: CONSTRAINT; Schema: public; Owner: postgres
--

ALTER TABLE ONLY public.employees
    ADD CONSTRAINT employees_pkey PRIMARY KEY (employee_id);


--
-- TOC entry 4720 (class 2606 OID 16449)
-- Name: reservations reservations_pkey; Type: CONSTRAINT; Schema: public; Owner: postgres
--

ALTER TABLE ONLY public.reservations
    ADD CONSTRAINT reservations_pkey PRIMARY KEY (id);


--
-- TOC entry 4722 (class 2606 OID 16534)
-- Name: services services_pkey; Type: CONSTRAINT; Schema: public; Owner: postgres
--

ALTER TABLE ONLY public.services
    ADD CONSTRAINT services_pkey PRIMARY KEY (id);


--
-- TOC entry 4725 (class 2606 OID 16535)
-- Name: reservations fk26cya250clfqgfl59s9vi9e8x; Type: FK CONSTRAINT; Schema: public; Owner: postgres
--

ALTER TABLE ONLY public.reservations
    ADD CONSTRAINT fk26cya250clfqgfl59s9vi9e8x FOREIGN KEY (employee_id) REFERENCES public.employees(employee_id);


--
-- TOC entry 4726 (class 2606 OID 16540)
-- Name: reservations fk3ww618ll729ubr3pb5krt9d3h; Type: FK CONSTRAINT; Schema: public; Owner: postgres
--

ALTER TABLE ONLY public.reservations
    ADD CONSTRAINT fk3ww618ll729ubr3pb5krt9d3h FOREIGN KEY (service_id) REFERENCES public.services(id);


-- Completed on 2024-10-17 15:36:05

--
-- PostgreSQL database dump complete
--

